"effect","component","term","estimate","std.error","statistic","p.value"
"fixed","cond","(Intercept)",-1.951384596834,0.568566946014212,-3.43211052016595,0.000598903438205519
"fixed","cond","Goal",-0.370011902825488,0.218187694983022,-1.69584220986559,0.0899157663673923
"fixed","cond","ShotsOnTarget",-0.0656026693426669,0.122539091367509,-0.535361153820842,0.592400146476107
"fixed","cond","Shots",-0.0565942968244549,0.0520603022275709,-1.08709120775105,0.276996503125118
"fixed","cond","Corners",-0.196486626170177,0.0810756440345993,-2.42349756834896,0.0153718561736289
"fixed","cond","Fouls",0.0969639231996203,0.0392856222317966,2.46817837394823,0.0135802629272788
"fixed","cond","LocationHome",0.114995959525272,0.313402308709137,0.366927608156192,0.713673017303528
"fixed","zi","(Intercept)",-18.7132442738457,8145.82208822242,-0.00229728124076048,0.99816703637842
